{
  "model_name": "gpt-oss:120b",
  "example_indices": [
    0,
    1,
    2,
    3,
    4,
    5,
    6,
    7,
    8,
    9,
    10,
    11,
    12,
    13,
    14,
    15,
    16,
    17,
    18,
    19,
    20,
    21,
    22,
    23,
    24,
    25,
    26,
    27,
    28,
    29
  ],
  "n_examples": 30,
  "n_concepts_ee": 180,
  "n_concepts_ce": 446,
  "ee_mean_concept_mentioned": 0.19331709846414932,
  "ce_mean_kl_div": 0.10992846281286935,
  "shapley_ce_mean_kl_div": 0.03539050433468622,
  "faithfulness_beta_mean": 0.49173301458358765,
  "faithfulness_beta_ci_lower": 0.17746123671531677,
  "faithfulness_beta_ci_upper": 0.7938708662986755,
  "faithfulness_significant": true,
  "faithfulness_positive": true,
  "parameters": {
    "n_posterior_samples": 2000,
    "n_chains": 4,
    "n_tune": 1000
  }
}