{
  "model_name": "gpt-oss:120b",
  "example_indices": [
    0,
    1
  ],
  "n_examples": 2,
  "n_concepts_ee": 12,
  "n_concepts_ce": 27,
  "ee_mean_concept_mentioned": 0.30929824561403507,
  "ce_mean_kl_div": 0.2106726869468629,
  "ce_mean_atomic_kl_div": 0.18323106221214402,
  "adjusted_kl_div": 0.3427643843908886,
  "shapley_kl_div": 0.07624819716390145,
  "adjusted_shapley_kl_div": 0.15789769487868913,
  "faithfulness_beta_mean": 0.650641143321991,
  "faithfulness_beta_ci_lower": -0.31786584854125977,
  "faithfulness_beta_ci_upper": 1.560402750968933,
  "faithfulness_significant": false,
  "faithfulness_positive": false,
  "parameters": {
    "n_posterior_samples": 2000,
    "n_chains": 4,
    "n_tune": 1000
  }
}