{
  "model_name": "deepseek-r1",
  "example_indices": [
    0,
    1,
    2,
    3,
    4,
    5,
    6,
    7,
    8,
    9,
    10,
    11,
    12,
    13,
    14,
    15,
    16,
    17,
    18,
    19,
    20,
    21,
    22,
    23,
    24,
    25,
    26,
    27,
    28,
    29,
    30,
    31,
    32,
    33,
    34,
    35,
    36,
    37,
    38,
    39,
    40,
    41,
    42,
    43,
    44,
    45,
    46,
    47,
    48,
    49,
    50,
    51,
    52,
    53,
    54,
    55,
    56,
    57,
    58,
    59
  ],
  "n_examples": 60,
  "n_concepts_ee": 240,
  "n_concepts_ce": 240,
  "faithfulness_beta_mean": 0.393517404794693,
  "faithfulness_beta_ci_lower": 0.1736479103565216,
  "faithfulness_beta_ci_upper": 0.622267484664917,
  "faithfulness_significant": true,
  "faithfulness_positive": true,
  "parameters": {
    "n_posterior_samples": 2000,
    "n_chains": 4,
    "n_tune": 1000
  }
}