{
  "model_name": "gpt-oss:120b",
  "example_indices": [
    0,
    1,
    2,
    3,
    4,
    5,
    6,
    7,
    8,
    9,
    10,
    11,
    12,
    13,
    14,
    15,
    16,
    17,
    18,
    19,
    20,
    21,
    22,
    23,
    24,
    25,
    26,
    27,
    28,
    29
  ],
  "n_examples": 30,
  "n_concepts_ee": 161,
  "n_concepts_ce": 161,
  "ee_mean_concept_mentioned": 0.19470033072517542,
  "ce_mean_kl_div": 0.07421070693544038,
  "shapley_ce_mean_kl_div": 0.0742107069354404,
  "faithfulness_beta_mean": 0.28163182735443115,
  "faithfulness_beta_ci_lower": -0.06351441144943237,
  "faithfulness_beta_ci_upper": 0.5848060250282288,
  "faithfulness_significant": false,
  "faithfulness_positive": false,
  "parameters": {
    "n_posterior_samples": 2000,
    "n_chains": 4,
    "n_tune": 1000
  }
}